INSERT INTO tb_courses(course_id, course_level,	course_status, 	creation_date, 	description, image_url,	last_update_date, name,	user_instructor) VALUES ('0016380e204b48d096b4692f692ca8ad', 'INTERMEDIARY', 'INPROGRESS', 	'2022-09-29 11:08:55.365287', 'description 01', 'http://image 01', '2022-09-29 11:08:55.365287', 'name 01',	'0236380e204b48d096b4692f692ca8ad'); 
INSERT INTO tb_courses(course_id, course_level,	course_status, 	creation_date, 	description, image_url,	last_update_date, name,	user_instructor) VALUES ('1246380e204b48d096b4692f692ca8ad', 'ADVANCED', 'INPROGRESS', 	'2022-09-29 11:09:55.365287', 'description 02', 'http://image 02', '2022-09-29 11:09:55.365287', 'name 02',	'0246380e204b48d096b4692f692ca8ad');
INSERT INTO tb_courses(course_id, course_level,	course_status, 	creation_date, 	description, image_url,	last_update_date, name,	user_instructor) VALUES ('1256380e204b48d096b4692f692ca8ad', 'ADVANCED', 'CONCLUDED', 	'2022-09-29 11:10:55.365287', 'description 03', 'http://image 03', '2022-10-29 11:10:55.365287', 'name 03',	'0256380e204b48d096b4692f692ca8ad');
INSERT INTO tb_courses(course_id, course_level,	course_status, 	creation_date, 	description, image_url,	last_update_date, name,	user_instructor) VALUES ('1266380e204b48d096b4692f692ca8ad', 'BEGINNER', 'INPROGRESS', 	'2022-09-29 11:11:55.365287', 'description 04', 'http://image 04', '2022-10-29 11:11:55.365287', 'name 04',	'0266380e204b48d096b4692f692ca8ad');
INSERT INTO tb_courses(course_id, course_level,	course_status, 	creation_date, 	description, image_url,	last_update_date, name,	user_instructor) VALUES ('1276380e204b48d096b4692f692ca8ad', 'INTERMEDIARY', 'INPROGRESS', 	'2022-09-29 11:12:55.365287', 'description 05', 'http://image 05', '2022-10-29 11:12:55.365287', 'name 05',	'0276380e204b48d096b4692f692ca8ad');
INSERT INTO tb_courses(course_id, course_level,	course_status, 	creation_date, 	description, image_url,	last_update_date, name,	user_instructor) VALUES ('1286380e204b48d096b4692f692ca8ad', 'INTERMEDIARY', 'CONCLUDED', 	'2022-09-29 11:13:55.365287', 'description 06', 'http://image 06', '2022-10-29 11:13:55.365287', 'name 06',	'0286380e204b48d096b4692f692ca8ad');
INSERT INTO tb_courses(course_id, course_level,	course_status, 	creation_date, 	description, image_url,	last_update_date, name,	user_instructor) VALUES ('1296380e204b48d096b4692f692ca8ad', 'BEGINNER', 'INPROGRESS', 	'2022-09-29 11:14:55.365287', 'description 07', 'http://image 07', '2022-10-29 11:14:55.365287', 'name 07',	'0296380e204b48d096b4692f692ca8ad');
INSERT INTO tb_courses(course_id, course_level,	course_status, 	creation_date, 	description, image_url,	last_update_date, name,	user_instructor) VALUES ('1116380e204b48d096b4692f692ca8ad', 'ADVANCED', 'INPROGRESS', 	'2022-09-29 11:15:55.365287', 'description 08', 'http://image 08', '2022-10-29 11:15:55.365287', 'name 09',	'0116380e204b48d096b4692f692ca8ad');
INSERT INTO tb_courses(course_id, course_level,	course_status, 	creation_date, 	description, image_url,	last_update_date, name,	user_instructor) VALUES ('1126380e204b48d096b4692f692ca8ad', 'BEGINNER', 'INPROGRESS', 	'2022-09-29 11:16:55.365287', 'description 09', 'http://image 09', '2022-10-29 11:16:55.365287', 'name 09',	'0126380e204b48d096b4692f692ca8ad');
INSERT INTO tb_courses(course_id, course_level,	course_status, 	creation_date, 	description, image_url,	last_update_date, name,	user_instructor) VALUES ('1136380e204b48d096b4692f692ca8ad', 'BEGINNER', 'CONCLUDED', 	'2022-09-29 11:17:55.365287', 'description 10', 'http://image 10', '2022-10-29 11:17:55.365287', 'name 10',	'0136380e204b48d096b4692f692ca8ad');


INSERT INTO tb_modules(module_id, creation_date, description, title, course_course_id) VALUES ('0026380e204b48d096b4692f692ca8ad', '2022-10-28 11:30:55.365287', 'description 01', 'title 01', '0016380e204b48d096b4692f692ca8ad');
INSERT INTO tb_modules(module_id, creation_date, description, title, course_course_id) VALUES ('5196380e204b48d096b4692f692ca8ad', '2022-10-28 11:31:55.365287', 'description 02', 'title 02', '1256380e204b48d096b4692f692ca8ad');
INSERT INTO tb_modules(module_id, creation_date, description, title, course_course_id) VALUES ('5296380e204b48d096b4692f692ca8ad', '2022-10-28 11:32:55.365287', 'description 03', 'title 03', '1276380e204b48d096b4692f692ca8ad');
INSERT INTO tb_modules(module_id, creation_date, description, title, course_course_id) VALUES ('0036380e204b48d096b4692f692ca8ad', '2022-10-28 11:33:55.365287', 'description 04', 'title 04', '0016380e204b48d096b4692f692ca8ad');
INSERT INTO tb_modules(module_id, creation_date, description, title, course_course_id) VALUES ('5496380e204b48d096b4692f692ca8ad', '2022-10-28 11:34:55.365287', 'description 05', 'title 05', '1296380e204b48d096b4692f692ca8ad');
INSERT INTO tb_modules(module_id, creation_date, description, title, course_course_id) VALUES ('5596380e204b48d096b4692f692ca8ad', '2022-10-28 11:36:55.365287', 'description 06', 'title 06', '1276380e204b48d096b4692f692ca8ad');
INSERT INTO tb_modules(module_id, creation_date, description, title, course_course_id) VALUES ('5696380e204b48d096b4692f692ca8ad', '2022-10-28 11:37:55.365287', 'description 07', 'title 07', '1296380e204b48d096b4692f692ca8ad');
INSERT INTO tb_modules(module_id, creation_date, description, title, course_course_id) VALUES ('5796380e204b48d096b4692f692ca8ad', '2022-10-28 11:38:55.365287', 'description 08', 'title 08', '1256380e204b48d096b4692f692ca8ad');
INSERT INTO tb_modules(module_id, creation_date, description, title, course_course_id) VALUES ('5896380e204b48d096b4692f692ca8ad', '2022-10-28 11:39:55.365287', 'description 09', 'title 09', '1296380e204b48d096b4692f692ca8ad');
INSERT INTO tb_modules(module_id, creation_date, description, title, course_course_id) VALUES ('0046380e204b48d096b4692f692ca8ad', '2022-10-28 11:40:55.365287', 'description 10', 'title 10', '0016380e204b48d096b4692f692ca8ad');
INSERT INTO tb_modules(module_id, creation_date, description, title, course_course_id) VALUES ('5123380e204b48d096b4692f692ca8ad', '2022-10-28 11:40:55.365287', 'description 10', 'title 10', '1276380e204b48d096b4692f692ca8ad');


INSERT INTO tb_lessons(lesson_id, creation_date, description, title, video_url, module_module_id) VALUES ('9996380e204b48d096b4692f692ca8ad', '2022-09-28 11:17:55.365287', 'description 01', 'title 01', 'http://video 01', '0026380e204b48d096b4692f692ca8ad');
INSERT INTO tb_lessons(lesson_id, creation_date, description, title, video_url, module_module_id) VALUES ('9896380e204b48d096b4692f692ca8ad', '2022-09-28 11:18:55.365287', 'description 02', 'title 02', 'http://video 02', '5296380e204b48d096b4692f692ca8ad');
INSERT INTO tb_lessons(lesson_id, creation_date, description, title, video_url, module_module_id) VALUES ('9796380e204b48d096b4692f692ca8ad', '2022-09-28 11:19:55.365287', 'description 03', 'title 03', 'http://video 03', '5696380e204b48d096b4692f692ca8ad');
INSERT INTO tb_lessons(lesson_id, creation_date, description, title, video_url, module_module_id) VALUES ('9126380e204b48d096b4692f692ca8ad', '2022-09-28 11:19:56.365287', 'description 03.1', 'title 03.1', 'http://video 03.1', '5696380e204b48d096b4692f692ca8ad');
INSERT INTO tb_lessons(lesson_id, creation_date, description, title, video_url, module_module_id) VALUES ('9136380e204b48d096b4692f692ca8ad', '2022-09-28 11:19:57.365287', 'description 03.2', 'title 03.2', 'http://video 03.2', '5696380e204b48d096b4692f692ca8ad');
INSERT INTO tb_lessons(lesson_id, creation_date, description, title, video_url, module_module_id) VALUES ('9696380e204b48d096b4692f692ca8ad', '2022-09-28 11:20:55.365287', 'description 04', 'title 04', 'http://video 04', '0046380e204b48d096b4692f692ca8ad');
INSERT INTO tb_lessons(lesson_id, creation_date, description, title, video_url, module_module_id) VALUES ('9596380e204b48d096b4692f692ca8ad', '2022-09-28 11:21:55.365287', 'description 05', 'title 05', 'http://video 05', '0026380e204b48d096b4692f692ca8ad');
INSERT INTO tb_lessons(lesson_id, creation_date, description, title, video_url, module_module_id) VALUES ('9496380e204b48d096b4692f692ca8ad', '2022-09-28 11:22:55.365287', 'description 06', 'title 06', 'http://video 06', '5696380e204b48d096b4692f692ca8ad');
INSERT INTO tb_lessons(lesson_id, creation_date, description, title, video_url, module_module_id) VALUES ('9396380e204b48d096b4692f692ca8ad', '2022-09-28 11:23:55.365287', 'description 07', 'title 07', 'http://video 07', '0046380e204b48d096b4692f692ca8ad');
INSERT INTO tb_lessons(lesson_id, creation_date, description, title, video_url, module_module_id) VALUES ('9296380e204b48d096b4692f692ca8ad', '2022-09-28 11:24:55.365287', 'description 08', 'title 08', 'http://video 08', '0046380e204b48d096b4692f692ca8ad');
INSERT INTO tb_lessons(lesson_id, creation_date, description, title, video_url, module_module_id) VALUES ('9196380e204b48d096b4692f692ca8ad', '2022-09-28 11:25:55.365287', 'description 09', 'title 09', 'http://video 09', '0036380e204b48d096b4692f692ca8ad');
INSERT INTO tb_lessons(lesson_id, creation_date, description, title, video_url, module_module_id) VALUES ('9096380e204b48d096b4692f692ca8ad', '2022-09-28 11:26:55.365287', 'description 10', 'title 10', 'http://video 10', '5296380e204b48d096b4692f692ca8ad');
INSERT INTO tb_lessons(lesson_id, creation_date, description, title, video_url, module_module_id) VALUES ('9216380e204b48d096b4692f692ca8ad', '2022-09-29 11:26:55.365287', 'description 10.1', 'title 10.1', 'http://video 10.1', '5123380e204b48d096b4692f692ca8ad');
INSERT INTO tb_lessons(lesson_id, creation_date, description, title, video_url, module_module_id) VALUES ('9226380e204b48d096b4692f692ca8ad', '2022-09-29 11:27:55.365287', 'description 10.2', 'title 10.2', 'http://video 10.2', '5123380e204b48d096b4692f692ca8ad');

INSERT INTO tb_users (user_id, email, full_name, user_status, user_type, cpf, image_url) VALUES ('8866380e204b48d096b4692f692ca8ad', 'felipe_novaes@silnave.com.br', 'Felipe Diego Thales Novaes', 'ACTIVE', 'STUDENT', '035.599.869-66', 'http://image 1');
INSERT INTO tb_users (user_id, email, full_name, user_status, user_type, cpf, image_url) VALUES ('7766380e204b48d096b4692f692ca8ad', 'josefa.barbara.pires@mx.labinal.com', 'Josefa Bárbara Pires', 'ACTIVE', 'STUDENT', '656.022.560-75', 'http://image 2');
INSERT INTO tb_users (user_id, email, full_name, user_status, user_type, cpf, image_url) VALUES ('7666380e204b48d096b4692f692ca8ad', 'ritamilenaalmada@hotmal.com', 'Rita Milena Almada', 'ACTIVE', 'INSTRUCTOR', '933.564.410-27', 'http://image 3');
INSERT INTO tb_users (user_id, email, full_name, user_status, user_type, cpf, image_url) VALUES ('6566380e204b48d096b4692f692ca8ad', 'augusto.danilo.damota@meiryjoias.com.br', 'Augusto Danilo Luís da Mota', 'BLOCKED', 'STUDENT', '255.757.109-12', 'http://image 4');
INSERT INTO tb_users (user_id, email, full_name, user_status, user_type, cpf, image_url) VALUES ('5466380e204b48d096b4692f692ca8ad', 'eloaclaradossantos@nine9.com.br', 'Eloá Clara Alice dos Santos', 'ACTIVE', 'ADMIN', '873.140.288-77', 'http://image 5');
INSERT INTO tb_users (user_id, email, full_name, user_status, user_type, cpf, image_url) VALUES ('4366380e204b48d096b4692f692ca8ad', 'patricia_moreira@lonza.com', 'Patrícia Flávia Moreira', 'ACTIVE', 'STUDENT', '496.145.513-05', 'http://image 6');
INSERT INTO tb_users (user_id, email, full_name, user_status, user_type, cpf, image_url) VALUES ('3266380e204b48d096b4692f692ca8ad', 'fernanda.antonella@custodes.com.br', 'Fernanda Antonella Sophia Barbosa', 'ACTIVE', 'STUDENT', '360.463.282-09', 'http://image 7');
INSERT INTO tb_users (user_id, email, full_name, user_status, user_type, cpf, image_url) VALUES ('2966380e204b48d096b4692f692ca8ad', 'livia_assis@cartovale.com.br', 'Lívia Beatriz Sophia Assis', 'BLOCKED', 'STUDENT', '917.268.755-04', 'http://image 8');
INSERT INTO tb_users (user_id, email, full_name, user_status, user_type, cpf, image_url) VALUES ('2866380e204b48d096b4692f692ca8ad', 'lucianajessicaporto@meiryjoias.com.br', 'Luciana Jéssica Porto', 'ACTIVE', 'STUDENT', '827.964.926-30', 'http://image 9');
INSERT INTO tb_users (user_id, email, full_name, user_status, user_type, cpf, image_url) VALUES ('2766380e204b48d096b4692f692ca8ad', 'amanda-cortereal74@afsn.com.br', 'Amanda Luiza Cecília Corte Real', 'ACTIVE', 'INSTRUCTOR', '099.879.422-88', 'http://image 10');

INSERT INTO tb_courses_users (user_id, course_id) VALUES ('8866380e204b48d096b4692f692ca8ad', '1246380e204b48d096b4692f692ca8ad');
INSERT INTO tb_courses_users (user_id, course_id) VALUES ('7666380e204b48d096b4692f692ca8ad', '1266380e204b48d096b4692f692ca8ad');
INSERT INTO tb_courses_users (user_id, course_id) VALUES ('8866380e204b48d096b4692f692ca8ad', '1266380e204b48d096b4692f692ca8ad');
INSERT INTO tb_courses_users (user_id, course_id) VALUES ('7666380e204b48d096b4692f692ca8ad', '1296380e204b48d096b4692f692ca8ad');
INSERT INTO tb_courses_users (user_id, course_id) VALUES ('6566380e204b48d096b4692f692ca8ad', '1276380e204b48d096b4692f692ca8ad');
INSERT INTO tb_courses_users (user_id, course_id) VALUES ('5466380e204b48d096b4692f692ca8ad', '1126380e204b48d096b4692f692ca8ad');
INSERT INTO tb_courses_users (user_id, course_id) VALUES ('6566380e204b48d096b4692f692ca8ad', '1256380e204b48d096b4692f692ca8ad');
INSERT INTO tb_courses_users (user_id, course_id) VALUES ('3266380e204b48d096b4692f692ca8ad', '1256380e204b48d096b4692f692ca8ad');
INSERT INTO tb_courses_users (user_id, course_id) VALUES ('3266380e204b48d096b4692f692ca8ad', '1276380e204b48d096b4692f692ca8ad');
INSERT INTO tb_courses_users (user_id, course_id) VALUES ('6566380e204b48d096b4692f692ca8ad', '1296380e204b48d096b4692f692ca8ad');
